instrument,set,k,lane_sharpe,bench_sharpe,n_trades,bench_trades,exit_events,flat_bars,flat_fraction,tstat,min_tstat_K4,min_tstat_K60,fixed_sharpe,searched_sharpe,selection_gap,mean_exit_corr,gate,reason_class,degenerate,verdict
AAPL,set3,2,0.9079127855312331,0.9770349722730817,124,1,63,1789,0.4734056628737761,-0.2674550388905768,2.2414027276049464,3.143980287069073,0.8359869003522739,0.95985762039887,0.12387072004659616,-0.12493691782325872,FAIL,FAIL_UNDERPERFORM,False,KILL
AAPL,set3,3,0.9492598154816476,0.9770349722730817,41,1,21,303,0.08017994178354063,-0.10746246717134651,2.2414027276049464,3.143980287069073,0.95985762039887,0.95985762039887,0.0,-0.12493691782325872,FAIL,FAIL_UNDERPERFORM,False,KILL
AAPL,set5,2,0.4966886649420672,0.9770349722730817,106,1,54,3221,0.8523418893887271,-1.8596720676960594,2.2414027276049464,3.143980287069073,0.3873419673813653,0.95985762039887,0.5725156530175047,-0.03510089533888948,FAIL,FAIL_UNDERPERFORM,False,KILL
AAPL,set5,3,0.8850361129892732,0.9770349722730817,232,1,117,1785,0.47234718179412544,-0.35598639601331244,2.2414027276049464,3.143980287069073,0.7433393458339288,0.95985762039887,0.21651827456494122,-0.03510089533888948,FAIL,FAIL_UNDERPERFORM,False,KILL
AMZN,set3,2,0.6798405196152141,0.8638800519755336,139,1,70,1788,0.47314104260386347,-0.7123612008427986,2.2414027276049464,3.143980287069073,0.7536832121542537,0.7536832121542537,0.0,-0.11087260655513581,FAIL,FAIL_UNDERPERFORM,False,KILL
AMZN,set3,3,0.7972431938709973,0.8638800519755336,51,1,26,338,0.08944165123048425,-0.25788674156213015,2.2414027276049464,3.143980287069073,0.6330254624201131,0.7536832121542537,0.12065774973414056,-0.11087260655513581,FAIL,FAIL_UNDERPERFORM,False,KILL
AMZN,set5,2,0.2658801348422249,0.8638800519755336,130,1,66,3150,0.8335538502249272,-2.315574956488725,2.2414027276049464,3.143980287069073,0.07539409192472482,0.7536832121542537,0.6782891202295289,-0.018611458611103963,FAIL,FAIL_UNDERPERFORM,False,KILL-SIG
AMZN,set5,3,0.6098721308900584,0.8638800519755336,255,1,128,1557,0.41201376025403547,-0.9832755574814588,2.2414027276049464,3.143980287069073,0.5755704619223313,0.7536832121542537,0.1781127502319224,-0.018611458611103963,FAIL,FAIL_UNDERPERFORM,False,KILL
BTC-USD,set3,2,1.1818684607258942,0.9120554396024015,117,1,59,1909,0.5067693124502256,1.041740295090497,2.2414027276049464,3.143980287069073,1.1411103880245097,1.1411103880245097,0.0,-0.17772316437557126,PASS,PASS,False,KEEP
BTC-USD,set3,3,1.1192267975964092,0.9120554396024015,31,1,16,300,0.07963897000265463,0.7999967317175892,2.2414027276049464,3.143980287069073,1.0803886141846293,1.1411103880245097,0.06072177383988042,-0.17772316437557126,PASS,PASS,False,KEEP
BTC-USD,set5,2,0.26213947892813255,0.9120554396024015,199,1,101,2995,0.7950623838598354,-2.5126103109649436,2.2414027276049464,3.143980287069073,0.1377482601650521,1.1411103880245097,1.0033621278594576,-0.07051217555679003,FAIL,FAIL_UNDERPERFORM,False,KILL-SIG
BTC-USD,set5,3,1.113360602441681,0.9120554396024015,221,1,111,1425,0.3782851075126095,0.7773543658511303,2.2414027276049464,3.143980287069073,1.067646867237704,1.1411103880245097,0.07346352078680574,-0.07051217555679003,PASS,PASS,False,KEEP
GLD,set3,2,0.32977566439258466,0.4288612934839662,122,1,62,2311,0.6115374437681926,-0.3836648355190645,2.2414027276049464,3.143980287069073,0.23573668947519566,0.34100387421805867,0.10526718474286301,-0.13416180900982344,FAIL,FAIL_UNDERPERFORM,False,KILL
GLD,set3,3,0.400811329398639,0.4288612934839662,62,1,32,456,0.12066684308017994,-0.10860536526330616,2.2414027276049464,3.143980287069073,0.34100387421805867,0.34100387421805867,0.0,-0.13416180900982344,FAIL,FAIL_UNDERPERFORM,False,KILL
GLD,set5,2,0.08644931919079187,0.4288612934839662,78,1,40,3311,0.8761577136808679,-1.3259706139956184,2.2414027276049464,3.143980287069073,0.07157181709670153,0.34100387421805867,0.26943205712135715,0.0029423180435440453,FAIL,FAIL_UNDERPERFORM,False,KILL
GLD,set5,3,0.14283285325095074,0.4288612934839662,208,1,105,2160,0.5715797830113787,-1.1076144265534043,2.2414027276049464,3.143980287069073,0.33560027433975315,0.34100387421805867,0.005403599878305521,0.0029423180435440453,FAIL,FAIL_UNDERPERFORM,False,KILL
GOOGL,set3,2,0.3100212194949177,0.7546852072703625,143,1,72,1894,0.5011907912146071,-1.721784238247156,2.2414027276049464,3.143980287069073,0.0800295431868462,0.5162298709021569,0.4362003277153107,-0.10058401749616745,FAIL,FAIL_UNDERPERFORM,False,KILL
GOOGL,set3,3,0.5389116205876325,0.7546852072703625,55,1,28,322,0.08520772691188146,-0.8353363167066523,2.2414027276049464,3.143980287069073,0.5162298709021569,0.5162298709021569,0.0,-0.10058401749616745,FAIL,FAIL_UNDERPERFORM,False,KILL
GOOGL,set5,2,0.06492189881183295,0.7546852072703625,120,1,61,3114,0.8240275205080709,-2.671077248968999,2.2414027276049464,3.143980287069073,-0.29646024332693954,0.5162298709021569,0.8126901142290964,0.0015042051531730023,FAIL,FAIL_NONPOSITIVE,False,KILL-SIG
GOOGL,set5,3,0.18189761194299334,0.7546852072703625,239,1,120,1707,0.4517068007409368,-2.2180305557062234,2.2414027276049464,3.143980287069073,-0.12584911548829103,0.5162298709021569,0.6420789863904479,0.0015042051531730023,FAIL,FAIL_NONPOSITIVE,False,KILL
JPM,set3,2,0.2159302700420604,0.6577971467582041,142,1,72,1832,0.4847843344800212,-1.7110375280210368,2.2414027276049464,3.143980287069073,0.12599970157398008,0.5425705281531946,0.4165708265792145,-0.14011287947197773,FAIL,FAIL_UNDERPERFORM,False,KILL
JPM,set3,3,0.6539429010395502,0.6577971467582041,23,1,12,215,0.056893358031225194,-0.014919126764435566,2.2414027276049464,3.143980287069073,0.5425705281531946,0.5425705281531946,0.0,-0.14011287947197773,FAIL,FAIL_UNDERPERFORM,False,KILL
JPM,set5,2,-0.08910579730958156,0.6577971467582041,122,1,62,3221,0.8523418893887271,-2.892337218024804,2.2414027276049464,3.143980287069073,-0.26974698317131607,0.5425705281531946,0.8123175113245107,-0.021062969685596393,FAIL,FAIL_NONPOSITIVE,False,KILL-SIG
JPM,set5,3,0.22974051423911002,0.6577971467582041,218,1,110,1777,0.47023021963482403,-1.6575501112744822,2.2414027276049464,3.143980287069073,0.10230748684393441,0.5425705281531946,0.4402630413092602,-0.021062969685596393,FAIL,FAIL_UNDERPERFORM,False,KILL
META,set3,2,0.5607519025281579,0.7565094998122481,122,1,62,1430,0.449685534591195,-0.6951787380550326,2.2414027276049464,3.143980287069073,0.7480611982576351,0.7480611982576351,0.0,-0.19126817266646404,PASS,PASS,False,KILL
META,set3,3,0.7430634068484698,0.7565094998122481,25,1,13,189,0.059433962264150944,-0.04773881557530174,2.2414027276049464,3.143980287069073,0.6752618742000056,0.7480611982576351,0.07279932405762946,-0.19126817266646404,PASS,PASS,False,KILL
META,set5,2,0.7313713906387731,0.7565094998122481,88,1,45,2767,0.870125786163522,-0.08925150695346286,2.2414027276049464,3.143980287069073,0.5949421738435609,0.7480611982576351,0.1531190244140742,-0.06800072796139779,FAIL,FAIL_UNDERPERFORM,False,KILL
META,set5,3,0.4611855389475221,0.7565094998122481,230,1,116,1278,0.4018867924528302,-1.0488668404082746,2.2414027276049464,3.143980287069073,0.4790167260599878,0.7480611982576351,0.26904447219764727,-0.06800072796139779,FAIL,FAIL_UNDERPERFORM,False,KILL
MSFT,set3,2,0.46749780603449925,0.9142669643667102,134,1,68,1783,0.4718179412543001,-1.7297256172762117,2.2414027276049464,3.143980287069073,0.5912850151884725,0.9842482170944411,0.39296320190596856,-0.14086976300233445,FAIL,FAIL_UNDERPERFORM,False,KILL
MSFT,set3,3,0.8184951652969062,0.9142669643667102,47,1,24,285,0.07541677692511246,-0.3706272722235505,2.2414027276049464,3.143980287069073,0.9842482170944411,0.9842482170944411,0.0,-0.14086976300233445,FAIL,FAIL_UNDERPERFORM,False,KILL
MSFT,set5,2,0.05072447597178449,0.9142669643667102,110,1,56,3377,0.8936226514951046,-3.3440347189364434,2.2414027276049464,3.143980287069073,0.1944644171054251,0.9842482170944411,0.789783799989016,-0.03300054918790183,FAIL,FAIL_UNDERPERFORM,False,KILL-SIG
MSFT,set5,3,0.17090236713370424,0.9142669643667102,291,1,146,1793,0.47446414395342684,-2.8785744470025505,2.2414027276049464,3.143980287069073,0.2130010051020476,0.9842482170944411,0.7712472119923934,-0.03300054918790183,FAIL,FAIL_UNDERPERFORM,False,KILL-SIG
NVDA,set3,2,0.7951211829768133,1.0699244352672317,131,1,66,1896,0.5017200317544324,-1.063500809995206,2.2414027276049464,3.143980287069073,0.9152248585264289,1.1006493198033225,0.1854244612768936,-0.16338582976913016,FAIL,FAIL_UNDERPERFORM,False,KILL
NVDA,set3,3,0.9182124285751389,1.0699244352672317,47,1,24,321,0.08494310664196877,-0.5870095652794922,2.2414027276049464,3.143980287069073,1.0998406241569163,1.1006493198033225,0.0008086956464061767,-0.16338582976913016,FAIL,FAIL_UNDERPERFORM,False,KILL
NVDA,set5,2,0.017710197545182542,1.0699244352672317,94,1,48,3293,0.8713945488224398,-4.074667867096679,2.2414027276049464,3.143980287069073,0.11474867674605978,1.1006493198033225,0.9859006430572627,-0.06774910223981967,FAIL,FAIL_UNDERPERFORM,False,KILL-SIG
NVDA,set5,3,0.9684766260245469,1.0699244352672317,254,1,128,1538,0.4069859751256946,-0.3924886585204172,2.2414027276049464,3.143980287069073,1.1006493198033225,1.1006493198033225,0.0,-0.06774910223981967,FAIL,FAIL_UNDERPERFORM,False,KILL
QQQ,set3,2,0.670993682616487,0.9431749535660251,142,1,72,1589,0.4204816088912411,-1.0535436120650317,2.2414027276049464,3.143980287069073,0.6193311501026232,0.7723171573861912,0.15298600728356804,-0.10351671344138846,FAIL,FAIL_UNDERPERFORM,False,KILL
QQQ,set3,3,0.8633416830991179,0.9431749535660251,33,1,17,175,0.04630854723471818,-0.3089236785956372,2.2414027276049464,3.143980287069073,0.7723171573861912,0.7723171573861912,0.0,-0.10351671344138846,FAIL,FAIL_UNDERPERFORM,False,KILL
QQQ,set5,2,0.23573252187718668,0.9431749535660251,84,1,43,3261,0.8629267001852342,-2.7393992944260783,2.2414027276049464,3.143980287069073,0.42505415036714883,0.7723171573861912,0.3472630070190424,-0.001287499669539438,FAIL,FAIL_UNDERPERFORM,False,KILL-SIG
QQQ,set5,3,0.7957356855255114,0.9431749535660251,228,1,115,1720,0.45514686424980155,-0.5705959729349043,2.2414027276049464,3.143980287069073,0.6815837953037687,0.7723171573861912,0.09073336208242255,-0.001287499669539438,FAIL,FAIL_UNDERPERFORM,False,KILL
SLV,set3,2,-0.08727443897856917,0.25283259990457096,140,1,71,2405,0.6364117491399841,-1.3170446973223087,2.2414027276049464,3.143980287069073,-0.37189430549709407,0.17618246256071815,0.5480767680578122,-0.10953380136844999,FAIL,FAIL_NONPOSITIVE,False,KILL
SLV,set3,3,0.214377256052022,0.25283259990457096,68,1,35,528,0.13971950251389256,-0.14891041526379778,2.2414027276049464,3.143980287069073,0.17618246256071815,0.17618246256071815,0.0,-0.10953380136844999,PASS,PASS,False,KILL
SLV,set5,2,-0.22407694121117014,0.25283259990457096,142,1,72,3053,0.8078856840433978,-1.8467263869570352,2.2414027276049464,3.143980287069073,-0.32206830370605,0.17618246256071815,0.4982507662667681,-0.014589277030360514,FAIL,FAIL_NONPOSITIVE,False,KILL
SLV,set5,3,-0.17834585167711178,0.25283259990457096,278,1,140,2010,0.5318867425244774,-1.6696733697674877,2.2414027276049464,3.143980287069073,-0.28717851514926984,0.17618246256071815,0.46336097770998796,-0.014589277030360514,FAIL,FAIL_NONPOSITIVE,False,KILL
SPY,set3,2,0.7603009816688767,0.8673964015186144,128,1,65,1547,0.4093675575549087,-0.414486281727767,2.2414027276049464,3.143980287069073,0.680758517798877,0.8136807891164966,0.13292227131761958,-0.08903424680420391,FAIL,FAIL_UNDERPERFORM,False,KILL
SPY,set3,3,0.9159271096924918,0.8673964015186144,37,1,19,194,0.05133633236305901,0.18777754506240515,2.2414027276049464,3.143980287069073,0.8136807891164966,0.8136807891164966,0.0,-0.08903424680420391,PASS,PASS,False,KEEP
SPY,set5,2,0.29890350878307326,0.8673964015186144,98,1,50,3248,0.8594866366763694,-2.2012771483113713,2.2414027276049464,3.143980287069073,0.3148463837424228,0.8136807891164966,0.49883440537407375,0.04219876258015583,FAIL,FAIL_UNDERPERFORM,False,KILL
SPY,set5,3,0.6921258763085631,0.8673964015186144,220,1,111,1731,0.45805768721884094,-0.6784077008792969,2.2414027276049464,3.143980287069073,0.6271662608226724,0.8136807891164966,0.1865145282938242,0.04219876258015583,FAIL,FAIL_UNDERPERFORM,False,KILL
TLT,set3,2,0.31685708508999016,0.24266820696049476,116,1,59,2171,0.5744906059804181,0.2872656693433283,2.2414027276049464,3.143980287069073,0.32842653155538787,0.5016924822750319,0.17326595071964407,-0.07264623519672331,PASS,PASS,False,KEEP
TLT,set3,3,0.3423223131837285,0.24266820696049476,43,1,22,534,0.1413072241333686,0.3858627819804214,2.2414027276049464,3.143980287069073,0.30060532986716326,0.5016924822750319,0.20108715240786867,-0.07264623519672331,PASS,PASS,False,KEEP
TLT,set5,2,-0.04393079356075388,0.24266820696049476,88,1,45,3223,0.8528711299285525,-1.1098441969517772,2.2414027276049464,3.143980287069073,-0.038248439502762355,0.5016924822750319,0.5399409217777943,0.04691477651573052,FAIL,FAIL_NONPOSITIVE,False,KILL
TLT,set5,3,0.3382629934862525,0.24266820696049476,200,1,101,1991,0.5268589573961365,0.37014602553254405,2.2414027276049464,3.143980287069073,0.5016924822750319,0.5016924822750319,0.0,0.04691477651573052,PASS,PASS,False,KEEP
TSLA,set3,2,0.7113822479697807,0.9279233460305005,128,1,65,2014,0.5507246376811594,-0.8244885277345503,2.2414027276049464,3.143980287069073,0.4476051693145475,0.7901127901795009,0.34250762086495334,-0.11708013557779857,FAIL,FAIL_UNDERPERFORM,False,KILL
TSLA,set3,3,0.9753592865445601,0.9279233460305005,51,1,26,353,0.09652720809406617,0.18053451159248834,2.2414027276049464,3.143980287069073,0.7901127901795009,0.7901127901795009,0.0,-0.11708013557779857,PASS,PASS,False,KEEP
TSLA,set5,2,0.21928915894224615,0.9279233460305005,160,1,81,2849,0.7790538692917692,-2.6993773080264942,2.2414027276049464,3.143980287069073,0.19951859662523724,0.7901127901795009,0.5905941935542636,-0.030085434751087548,FAIL,FAIL_UNDERPERFORM,False,KILL-SIG
TSLA,set5,3,0.6462393155385776,0.9279233460305005,227,1,114,1453,0.397320207820618,-1.0726167574334844,2.2414027276049464,3.143980287069073,0.43120165551589584,0.7901127901795009,0.358911134663605,-0.030085434751087548,FAIL,FAIL_UNDERPERFORM,False,KILL
XOM,set3,2,0.4348294613950682,0.3906832284981404,124,1,63,1923,0.5088647790420746,0.1709229491780489,2.2414027276049464,3.143980287069073,0.37073841043403377,0.3759559268301762,0.00521751639614243,-0.07082292680127436,PASS,PASS,False,KEEP
XOM,set3,3,0.43797572858942174,0.3906832284981404,35,1,18,356,0.09420481608891242,0.1831039942959627,2.2414027276049464,3.143980287069073,0.3759559268301762,0.3759559268301762,0.0,-0.07082292680127436,PASS,PASS,False,KEEP
XOM,set5,2,0.2910477650058585,0.3906832284981404,132,1,67,3021,0.7994178354061922,-0.38580302405704187,2.2414027276049464,3.143980287069073,0.21719050873261186,0.3759559268301762,0.15876541809756434,-0.004547394431376561,FAIL,FAIL_UNDERPERFORM,False,KILL
XOM,set5,3,0.42669635568982955,0.3906832284981404,196,1,99,1770,0.4683778777454353,0.13943460806349797,2.2414027276049464,3.143980287069073,0.3178342485532479,0.3759559268301762,0.058121678276928324,-0.004547394431376561,PASS,PASS,False,KEEP
