instrument,set,k,lane_sharpe,bench_sharpe,n_trades,tstat,min_tstat_K4,min_tstat_K60,fixed_sharpe,searched_sharpe,selection_gap,mean_pos_corr,gate,reason_class,verdict
AAPL,set3,2,0.9079127855312331,0.9770349722730817,124,-0.2674550388905768,2.2414027276049464,3.143980287069073,0.8359869003522739,1.0602683192026816,0.22428141885040775,-0.12493691782325894,FAIL,FAIL_UNDERPERFORM,KILL
AAPL,set3,3,0.32309393700036215,0.9770349722730817,40,-2.532105488950751,2.2414027276049464,3.143980287069073,0.30122625010051396,1.0602683192026816,0.7590420691021676,-0.12493691782325894,FAIL,FAIL_UNDERPERFORM,KILL-SIG
AAPL,set5,2,1.0222427240480918,0.9770349722730817,149,0.17488450175148848,2.2414027276049464,3.143980287069073,1.0602683192026816,1.0602683192026816,0.0,-0.03510089533888953,PASS,PASS,KEEP
AAPL,set5,3,0.8850361129892732,0.9770349722730817,232,-0.35598639601331244,2.2414027276049464,3.143980287069073,0.7433393458339288,1.0602683192026816,0.3169289733687528,-0.03510089533888953,FAIL,FAIL_UNDERPERFORM,KILL
AMZN,set3,2,0.6798405196152141,0.8638800519755336,139,-0.7123612008427986,2.2414027276049464,3.143980287069073,0.7536832121542537,0.7536832121542537,0.0,-0.11087260655513566,FAIL,FAIL_UNDERPERFORM,KILL
AMZN,set3,3,0.42293095958452914,0.8638800519755336,40,-1.707259650426905,2.2414027276049464,3.143980287069073,0.14017661115296168,0.7536832121542537,0.6135066010012921,-0.11087260655513566,FAIL,FAIL_UNDERPERFORM,KILL
AMZN,set5,2,0.8219608019516161,0.8638800519755336,153,-0.1622223862450137,2.2414027276049464,3.143980287069073,0.6350875557911325,0.7536832121542537,0.1185956563631212,-0.018611458611103908,FAIL,FAIL_UNDERPERFORM,KILL
AMZN,set5,3,0.6098721308900584,0.8638800519755336,255,-0.9832755574814588,2.2414027276049464,3.143980287069073,0.5755704619223313,0.7536832121542537,0.1781127502319224,-0.018611458611103908,FAIL,FAIL_UNDERPERFORM,KILL
BTC-USD,set3,2,1.1818684607258942,0.9120554396024015,117,1.041740295090497,2.2414027276049464,3.143980287069073,1.1411103880245097,1.1411103880245097,0.0,-0.17772316437557098,PASS,PASS,KEEP
BTC-USD,set3,3,0.2955790113811146,0.9120554396024015,40,-2.383287178270876,2.2414027276049464,3.143980287069073,0.37978570221981506,1.1411103880245097,0.7613246858046947,-0.17772316437557098,FAIL,FAIL_UNDERPERFORM,KILL-SIG
BTC-USD,set5,2,1.1683442199707488,0.9120554396024015,93,0.9895547089411864,2.2414027276049464,3.143980287069073,1.029100502268751,1.1411103880245097,0.11200988575575876,-0.07051217555678986,PASS,PASS,KEEP
BTC-USD,set5,3,1.113360602441681,0.9120554396024015,221,0.7773543658511303,2.2414027276049464,3.143980287069073,1.067646867237704,1.1411103880245097,0.07346352078680574,-0.07051217555678986,PASS,PASS,KEEP
GLD,set3,2,0.32977566439258466,0.4288612934839662,122,-0.3836648355190645,2.2414027276049464,3.143980287069073,0.23573668947519566,0.637988570139813,0.40225188066461737,-0.1341618090098236,FAIL,FAIL_UNDERPERFORM,KILL
GLD,set3,3,0.5663475046263613,0.4288612934839662,36,0.5322420327925385,2.2414027276049464,3.143980287069073,0.637988570139813,0.637988570139813,0.0,-0.1341618090098236,PASS,PASS,KEEP
GLD,set5,2,0.33431514966075154,0.4288612934839662,168,-0.36608661205968757,2.2414027276049464,3.143980287069073,0.3576755151108306,0.637988570139813,0.2803130550289824,0.002942318043543979,FAIL,FAIL_UNDERPERFORM,KILL
GLD,set5,3,0.14283285325095074,0.4288612934839662,208,-1.1076144265534043,2.2414027276049464,3.143980287069073,0.33560027433975315,0.637988570139813,0.3023882958000599,0.002942318043543979,FAIL,FAIL_UNDERPERFORM,KILL
GOOGL,set3,2,0.3100212194949177,0.7546852072703625,143,-1.721784238247156,2.2414027276049464,3.143980287069073,0.0800295431868462,0.5617871110246198,0.48175756783777357,-0.10058401749616741,FAIL,FAIL_UNDERPERFORM,KILL
GOOGL,set3,3,0.27781340635999785,0.7546852072703625,38,-1.8465308466181642,2.2414027276049464,3.143980287069073,0.3988353375590969,0.5617871110246198,0.16295177346552286,-0.10058401749616741,FAIL,FAIL_UNDERPERFORM,KILL
GOOGL,set5,2,0.6011489186745864,0.7546852072703625,151,-0.5943517830004862,2.2414027276049464,3.143980287069073,0.5617871110246198,0.5617871110246198,0.0,0.0015042051531730578,FAIL,FAIL_UNDERPERFORM,KILL
GOOGL,set5,3,0.18189761194299334,0.7546852072703625,239,-2.2180305557062234,2.2414027276049464,3.143980287069073,-0.12584911548829103,0.5617871110246198,0.6876362265129108,0.0015042051531730578,FAIL,FAIL_NONPOSITIVE,KILL
JPM,set3,2,0.2159302700420604,0.6577971467582041,142,-1.7110375280210368,2.2414027276049464,3.143980287069073,0.12599970157398008,0.5862450933080994,0.46024539173411927,-0.14011287947197767,FAIL,FAIL_UNDERPERFORM,KILL
JPM,set3,3,-0.0246243852124058,0.6577971467582041,56,-2.6426560114758932,2.2414027276049464,3.143980287069073,-0.22370646441531125,0.5862450933080994,0.8099515577234107,-0.14011287947197767,FAIL,FAIL_NONPOSITIVE,KILL-SIG
JPM,set5,2,0.6458722098720947,0.6577971467582041,161,-0.04615987356282976,2.2414027276049464,3.143980287069073,0.5862450933080994,0.5862450933080994,0.0,-0.0210629696855963,FAIL,FAIL_UNDERPERFORM,KILL
JPM,set5,3,0.22974051423911002,0.6577971467582041,218,-1.6575501112744822,2.2414027276049464,3.143980287069073,0.10230748684393441,0.5862450933080994,0.48393760646416495,-0.0210629696855963,FAIL,FAIL_UNDERPERFORM,KILL
META,set3,2,0.5607519025281579,0.7565094998122481,122,-0.6951787380550326,2.2414027276049464,3.143980287069073,0.7480611982576351,0.7480611982576351,0.0,-0.1912681726664636,PASS,PASS,KILL
META,set3,3,0.5710279723959847,0.7565094998122481,28,-0.6586785349270345,2.2414027276049464,3.143980287069073,0.6753786356903034,0.7480611982576351,0.07268256256733163,-0.1912681726664636,PASS,PASS,KILL
META,set5,2,0.7169731441991879,0.7565094998122481,118,-0.1403746089316478,2.2414027276049464,3.143980287069073,0.6655336799264697,0.7480611982576351,0.08252751833116534,-0.0680007279613977,PASS,PASS,KILL
META,set5,3,0.4611855389475221,0.7565094998122481,230,-1.0488668404082746,2.2414027276049464,3.143980287069073,0.4790167260599878,0.7480611982576351,0.26904447219764727,-0.0680007279613977,FAIL,FAIL_UNDERPERFORM,KILL
MSFT,set3,2,0.46749780603449925,0.9142669643667102,134,-1.7297256172762117,2.2414027276049464,3.143980287069073,0.5912850151884725,0.9365743000298457,0.3452892848413731,-0.14086976300233436,FAIL,FAIL_UNDERPERFORM,KILL
MSFT,set3,3,0.43534896518916283,0.9142669643667102,30,-1.8542474581610546,2.2414027276049464,3.143980287069073,0.2811338209345182,0.9365743000298457,0.6554404790953274,-0.14086976300233436,FAIL,FAIL_UNDERPERFORM,KILL
MSFT,set5,2,0.852525992710599,0.9142669643667102,127,-0.2389179175713501,2.2414027276049464,3.143980287069073,0.9365743000298457,0.9365743000298457,0.0,-0.03300054918790193,FAIL,FAIL_UNDERPERFORM,KILL
MSFT,set5,3,0.17090236713370424,0.9142669643667102,291,-2.8785744470025505,2.2414027276049464,3.143980287069073,0.2130010051020476,0.9365743000298457,0.723573294927798,-0.03300054918790193,FAIL,FAIL_UNDERPERFORM,KILL-SIG
NVDA,set3,2,0.7951211829768133,1.0699244352672317,131,-1.063500809995206,2.2414027276049464,3.143980287069073,0.9152248585264289,1.1006493198033225,0.1854244612768936,-0.16338582976913038,FAIL,FAIL_UNDERPERFORM,KILL
NVDA,set3,3,-0.2432132117394598,1.0699244352672317,28,-5.084789091084496,2.2414027276049464,3.143980287069073,-0.17559038415546616,1.1006493198033225,1.2762397039587887,-0.16338582976913038,FAIL,FAIL_NONPOSITIVE,KILL-SIG
NVDA,set5,2,0.9259307659582405,1.0699244352672317,141,-0.5571376420332846,2.2414027276049464,3.143980287069073,1.0657572036638983,1.1006493198033225,0.03489211613942422,-0.06774910223981999,FAIL,FAIL_UNDERPERFORM,KILL
NVDA,set5,3,0.9684766260245469,1.0699244352672317,254,-0.3924886585204172,2.2414027276049464,3.143980287069073,1.1006493198033225,1.1006493198033225,0.0,-0.06774910223981999,FAIL,FAIL_UNDERPERFORM,KILL
QQQ,set3,2,0.670993682616487,0.9431749535660251,142,-1.0535436120650317,2.2414027276049464,3.143980287069073,0.6193311501026232,0.7847719301604311,0.16544078005780793,-0.10351671344138837,FAIL,FAIL_UNDERPERFORM,KILL
QQQ,set3,3,0.40565378256064577,0.9431749535660251,54,-2.0811954282145178,2.2414027276049464,3.143980287069073,0.5632131088422346,0.7847719301604311,0.22155882131819649,-0.10351671344138837,FAIL,FAIL_UNDERPERFORM,KILL
QQQ,set5,2,0.9258859380423489,0.9431749535660251,158,-0.0668943445922399,2.2414027276049464,3.143980287069073,0.7847719301604311,0.7847719301604311,0.0,-0.0012874996695392382,FAIL,FAIL_UNDERPERFORM,KILL
QQQ,set5,3,0.7957356855255114,0.9431749535660251,228,-0.5705959729349043,2.2414027276049464,3.143980287069073,0.6815837953037687,0.7847719301604311,0.10318813485666245,-0.0012874996695392382,FAIL,FAIL_UNDERPERFORM,KILL
SLV,set3,2,-0.08727443897856917,0.25283259990457096,140,-1.3170446973223087,2.2414027276049464,3.143980287069073,-0.37189430549709407,0.21531241769914797,0.587206723196242,-0.10953380136844988,FAIL,FAIL_NONPOSITIVE,KILL
SLV,set3,3,-0.04403550356463497,0.25283259990457096,40,-1.1496109138044528,2.2414027276049464,3.143980287069073,-0.21515483536705296,0.21531241769914797,0.43046725306620093,-0.10953380136844988,FAIL,FAIL_NONPOSITIVE,KILL
SLV,set5,2,0.2366370205433506,0.25283259990457096,113,-0.06271342781317801,2.2414027276049464,3.143980287069073,0.21531241769914797,0.21531241769914797,0.0,-0.014589277030360438,PASS,PASS,KILL
SLV,set5,3,-0.17834585167711178,0.25283259990457096,278,-1.6696733697674877,2.2414027276049464,3.143980287069073,-0.28717851514926984,0.21531241769914797,0.5024909328484178,-0.014589277030360438,FAIL,FAIL_NONPOSITIVE,KILL
SPY,set3,2,0.7603009816688767,0.8673964015186144,128,-0.414486281727767,2.2414027276049464,3.143980287069073,0.680758517798877,0.680758517798877,0.0,-0.08903424680420378,FAIL,FAIL_UNDERPERFORM,KILL
SPY,set3,3,0.5448519148644657,0.8673964015186144,44,-1.2486764844358473,2.2414027276049464,3.143980287069073,0.5584265936972792,0.680758517798877,0.12233192410159777,-0.08903424680420378,FAIL,FAIL_UNDERPERFORM,KILL
SPY,set5,2,0.5901764497128265,0.8673964015186144,188,-1.0731554693049132,2.2414027276049464,3.143980287069073,0.5108671098457858,0.680758517798877,0.1698914079530912,0.04219876258015588,FAIL,FAIL_UNDERPERFORM,KILL
SPY,set5,3,0.6921258763085631,0.8673964015186144,220,-0.6784077008792969,2.2414027276049464,3.143980287069073,0.6271662608226724,0.680758517798877,0.05359225697620462,0.04219876258015588,FAIL,FAIL_UNDERPERFORM,KILL
TLT,set3,2,0.31685708508999016,0.24266820696049476,116,0.2872656693433283,2.2414027276049464,3.143980287069073,0.32842653155538787,0.5016924822750319,0.17326595071964407,-0.07264623519672336,PASS,PASS,KEEP
TLT,set3,3,0.027691074313800135,0.24266820696049476,36,-0.8324920813337414,2.2414027276049464,3.143980287069073,0.10639536371178858,0.5016924822750319,0.39529711856324334,-0.07264623519672336,FAIL,FAIL_UNDERPERFORM,KILL
TLT,set5,2,0.36888055183004986,0.24266820696049476,131,0.48868768205789126,2.2414027276049464,3.143980287069073,0.19539461738998548,0.5016924822750319,0.30629786488504646,0.04691477651573037,FAIL,FAIL_UNDERPERFORM,KILL
TLT,set5,3,0.3382629934862525,0.24266820696049476,200,0.37014602553254405,2.2414027276049464,3.143980287069073,0.5016924822750319,0.5016924822750319,0.0,0.04691477651573037,PASS,PASS,KEEP
TSLA,set3,2,0.7113822479697807,0.9279233460305005,128,-0.8244885277345503,2.2414027276049464,3.143980287069073,0.4476051693145475,0.7621903314610606,0.3145851621465131,-0.1170801355777985,FAIL,FAIL_UNDERPERFORM,KILL
TSLA,set3,3,0.39243460791661994,0.9279233460305005,36,-2.0396056616979092,2.2414027276049464,3.143980287069073,0.2682561279609272,0.7621903314610606,0.49393420350013345,-0.1170801355777985,FAIL,FAIL_UNDERPERFORM,KILL
TSLA,set5,2,0.9644799019390593,0.9279233460305005,69,0.13913201289363064,2.2414027276049464,3.143980287069073,0.7621903314610606,0.7621903314610606,0.0,-0.030085434751087527,PASS,PASS,KEEP
TSLA,set5,3,0.6462393155385776,0.9279233460305005,227,-1.0726167574334844,2.2414027276049464,3.143980287069073,0.43120165551589584,0.7621903314610606,0.3309886759451648,-0.030085434751087527,FAIL,FAIL_UNDERPERFORM,KILL
XOM,set3,2,0.4348294613950682,0.3906832284981404,124,0.1709229491780489,2.2414027276049464,3.143980287069073,0.37073841043403377,0.4076995619658452,0.036961151531811454,-0.07082292680127436,PASS,PASS,KEEP
XOM,set3,3,0.4460899732812064,0.3906832284981404,58,0.21451866765647642,2.2414027276049464,3.143980287069073,0.4076995619658452,0.4076995619658452,0.0,-0.07082292680127436,PASS,PASS,KEEP
XOM,set5,2,0.37854930459850716,0.3906832284981404,143,-0.04698159003933448,2.2414027276049464,3.143980287069073,0.29655219332770116,0.4076995619658452,0.11114736863814406,-0.0045473944313766,PASS,PASS,KILL
XOM,set5,3,0.42669635568982955,0.3906832284981404,196,0.13943460806349797,2.2414027276049464,3.143980287069073,0.3178342485532479,0.4076995619658452,0.08986531341259735,-0.0045473944313766,PASS,PASS,KEEP
